id,url,scraped_title,scraped_description,extracted_year,extracted_mileage,extracted_fuel,extracted_power,current_year,current_mileage,current_fuel,current_power,extraction_improved
1,https://auto.bazos.cz/inzerat/216127960/mazda-cx-5-22d-skyactive-4x4-automat-puvod-cr-top.php,MAZDA CX-5 2.2D SKYACTIVE 4x4 AUTOMAT PŮVOD ČR TOP,"Vozidlo zakoupeno jako nové i ojeté u autorizovaného dealera Mazda Algon s.r.o v Karlových Varech. Po celou dobu pravidelná údržba nad rámec předepsaných intervalů údržby výrobce Mazda a to s vedenou historií do roku 2026 v ČR. Do 56.000km do roku 2019 servisováno u Mazda Algon s.r.o v Karlových Varech, poté střídavě mimo autorizovaný servis a autorizovaný servis Mazda KodeCar v Hradci Králové.POSLEDNÍ VÝMĚNA OLEJE V PŘEVODOVCE NA 130.000KM - FAKTURA A DOKLAD. NOVÁ AUTOBATERIE SE ZÁRUČNÍM LISTEM...",2013,,diesel,110,2026,,diesel,110,NO
4,https://auto.bazos.cz/inzerat/215507162/mazda-5-20-di-diplomatic-7-mist-navi-vyhrsed-taznetop.php,"MAZDA 5 2,0 Di  DIPLOMATIC 7 MÍST, NAVI, VÝHŘ.SED. TAŽNÉ ZAŘ","NABÍZÍME K PRODEJI MAZDA 5 2,0Di 16V výkon81 kW / 110 PS 7 MÍST ve velmi zachovalém stavu, vůz po jednom majiteli s jasnou historií . Jedná se o prostorné rodinné MPV karoserie je zachovalá. Pod kapotou je spolehlivý benzínový čtyřválec 2,Di 16v s manuální 6 stupňovou převodovkou, motor má klidný a kultivovaný chod, ideální kombinace výkonu a vynikajicí spotřeby nafty . Najeto cca 184 000 km. 7 plnohodnotných míst k sezení, vhodné pro větší rodinu.VÝBAVA VOZU: BEZKLÍČOVÉ ZAMYKÁNÍ , NAVIGACE, TEM...",,184000,benzínový,81,,184000,benzínový,81,NO
7,https://auto.bazos.cz/inzerat/215467124/mazda-6-20i-121kw-benzin-manual-xenon-kuze-kamera-tazne.php,MAZDA 6 2.0i 121KW BENZIN MANUÁL-XENON-KUŽE-KAMERA-TAŽNÉ,"Mazda 6 2.0 ,121kw Benzin Sports-Line -zachovaly auto - Původ Německo -servisni knížka- po druhým majiteli- 2 klíče - všechny manuály- Bez Koroze -Xenony-Navigace - Elektrický kožený sedadla-vyhřívání sedadla - Přední Zadní Parkovací senzory -Parkovací kamera- Bluetooth -tempomat - hlídání mrtvého úhlu - Hlídání jízdních pruhů -Hi-Fi systém Bose -Bezklíčové ovládání -LED denní svícení - Tažné zařízení -alu kola R19 -•Poslední servis 02/2026 Po výměně olejů v motoru a filtruSTK A EMISE DO 12/2027...",2012,,,121,2012,,,121,NO
8,https://auto.bazos.cz/inzerat/216126545/mazda-cx-5-25-benzin-4x4-automat-1-majitelka.php,Mazda Cx-5 2.5 benzin 4x4 automat 1 majitelka,Prodám Mazdu Cx-5 r.v 2021 najeto 54000 šedá barva 1 majitelka český původ servis jen Mazda výbava:bezklíc hudba bose el viko výhřev sedadel volantu xenony parkovací senzory přední žádný kožený paket dig klima infotaiment zrcadlení na sklo palubni počítač adaptivni tempomat hlídání pruhu 360 kamery aj.Sada letních pneu r19 obuto ještě na zimních,2021,,benzín,,2021,,benzín,,NO
11,https://auto.bazos.cz/inzerat/215285396/mazda-6-20i-121kw-benzin-manual-xenon-navi-vyhrev-pdc.php,MAZDA 6 2.0i 121KW BENZIN MANUÁL XENON-NAVI-VYHŘEV-PDC,"Mazda 6 2.0 ,Benzin 121KW Sports-Line Sedan -zachovaly auto - Původ Německo - NEHAVAROVÁNO-servisni knížka- po druhým majiteli- 2 klíče - všechny manuály- Bez Koroze - Xenony-Navigace - vyhřívání sedadla - Přední Zadní Parkovací senzory -Bluetooth -tempomat - hlídání mrtvého úhlu - Hlídání jízdních pruhů -LED denní svícení -•Poslední servis za 35.000kč v 02/2026 Po výměně olejů v motoru a filtru - přední a zadní brzdy - přední ramenaSTK A EMISE DO 02/2027MOŽNOST PROHLÍDNOUT VAŠÍM MECHNIKEMs voze...",2013,,benzín,121,2013,,benzín,121,NO
13,https://auto.bazos.cz/inzerat/215150202/mazda-5-20i-benzin-manual-7mist-vyhrev-senzory-elposuvne-d.php,Mazda 6 2.0i BENZIN 108KW MANUÁL SENZORY TEMPOMAT,"MAZDA 6 2.0i BENZÍN 2WD KOMBI - 108KW - MANUÁLNÍ PŘEVODOVKA 6ST. - PŮVOD NĚMECKO - PO 2.MAJITELI - 2x KLÍČ - PŘEDNÍ / ZADNÍ SENZORY - TEMPOMAT - AUT. SVÍCENÍ - XENONY - USB - AUX - ZIMNÍ ORIGINÁL ALU KOLA MAZDA R17 - POSLEDNÍ SERVIS PŘI 196.395KM DNE 15.09.2025 - MOŽNOST SE DOMLUVIT NA DALŠÍ SADU KOL - BEZ INVESTIC - BEZ KOROZE - ZACHOVALÝ STAV, STAČÍ JEN NATANKOVAT A JEZDIT :-)MOŽNOST FINANCOVÁNÍ / PROTIÚČETV provozu od: 8/2009Tachometr: 201 716 kmPalivo: BenzinObjem: 1999 ccmVýkon: 108 kWPřevo...",2009,,benzín,108,,201716,benzín,108,year
18,https://auto.bazos.cz/inzerat/215517979/mazda-mx-5-nd-20-revolution.php,(REZERVOVÁNO) Mazda MX-5 (ND) 2.0 REVOLUTION,"Pomalu se blíží jaro, a proto nabízím ke koupi 4. generaci legendárního a kultovního sportovního roadsteru Mazda MX-5 (ND) s manuální převodovkou ve verzi s 2.0 litrovým atmosferickým motorem g160 (118 Kw, kroutící moment 200 Nm), který se v Česku již před rokem přestal prodávat (dostupný pouze motor 1.5), takže nové kusy s prověřeným původem v ČR, autentickým nájezdem a 1. majitelem, jako je tento již pravděpodobně nebudou.Vůz byl uveden do provozu 05/2017, je nebouraný, veškeré součásti vozu j...",2017,,,118,,,,118,year
19,https://auto.bazos.cz/inzerat/215647536/mazda-6-wagon-25-skyactiv-g-143-kw-2021-revolution.php,Mazda 6 Kombi 2.5 Skyactiv-G 194 AUT | 2021 | Revolution |,"Prodám pečlivě udržovaný vůz ve výborném technickém i vizuálním stavu, bez nutnosti dalších investic. Garážovaný, čerstvě po kompletním detailingu včetně mokrého čištění interiéru.👤 První majitel• zakoupen od Mazda Wagnerová s.r.o. při 2233 km• kompletní elektronická servisní historie Mazda• autorizovaný servis Mazda Wagnerová (Tábor) od PDI (3 km) přes 20/40/60/80/100 tis. km• následně běžná údržba (olej, filtry, brzdy) u nezávislého servisu• vše doložitelné fakturami• prověřeno CEBIA🛞 Pneumati...",2000,10,,,,10,,,year
22,https://auto.bazos.cz/inzerat/215841557/mazda-cx-5-20-skyactiv-g-118kw-awd-122015-90708km-navi.php,MAZDA CX-5 2.0 SKYACTIV-G 118kW AWD-12/2015-90.708KM-NAVI-,"► PRODÁM ◄► MAZDA CX5, CX 5 FACELIFT 2,0 SKYACTIV G 118kW 4x4 ve velmi zachovalém stavu, pravidelně servisované výlučně u aut. dealera Mazda, po prvním majiteli, nekuřák• EDICE SPORTS-LINE• ODKAZ NA FOTOGALERII VOZIDLA A SERVISNÍ KNIHY ZAŠLU NA VYŽÁDÁNÍ.CARVERTICAL + CEBIA REPORT K DISPOZICI ✔➡ VIN: na vyžádání►Technické údaje:Karoserie: SUVNajeto: 90.708 KMObjem: 1 998 ccmVýkon: 118 kWPalivo: benzínPohon: všech kolDatum první registrace: 22.12.2015STK platné do: 03/2028Barva: červená met.Převod...",2015,,,118,,,benzín,118,year
23,https://auto.bazos.cz/inzerat/216007675/mazda-6-20-skyactiv-g-121kw-2013-149720km-vyhrevkamera.php,"MAZDA 6 2.0 SKYACTIV-G 121kW-2013-149.720KM-VÝHŘEV,KAMERA-","► PRODÁM ◄► MAZDA 6 GJ 2,0 SKYACTIV G 121kW ve velmi zachovalém stavu, pravidelně servisované, po prvním majiteli, nekuřák• EDICE SPORTS-LINE✔ CARVERTICAL + CEBIA report k dispozici➡ VIN: na vyžádání📷 Odkaz na kompletní fotogalerii a servisní knihu zašlu na vyžádání► Technické údaje:Karoserie: kombiNajeto: 149.720 KMMotor: 2.0 SKYACTIV-G 121kWObjem: 1 998 ccmVýkon: 121 kWPalivo: benzínDatum první registrace: 24.07.2013STK platné do: 03/2028Barva: červená met.Převodovka: manuálníPlní EURO: EURO 5...",2013,,,121,,,benzín,121,year
24,https://auto.bazos.cz/inzerat/215886633/mazda-6-25-skyactiv-g-141kw-2013-176211km-digklimarvm.php,"MAZDA 6 2.5 SKYACTIV-G 141kW-2013-176.211KM-DIG.KLIMA,RVM-","► PRODÁM ◄► MAZDA 6 GJ 2,5 SKYACTIV G 141kW AUTOMAT ve velmi zachovalém stavu, pravidelně servisované, po prvním majiteli, nekuřák• EDICE REVOLUTION✔ CARVERTICAL + CEBIA report k dispozici➡ VIN: na vyžádání📷 Odkaz na kompletní fotogalerii a servisní knihu zašlu na vyžádání► Technické údaje:Karoserie: kombiNajeto: 176.211 KMObjem: 2 488 ccmVýkon: 141 kWPalivo: benzínDatum první registrace: 08.10.2013STK platné do: 08/2027Barva: bílá perleťováPřevodovka: automatickáPlní EURO: EURO 5Dovoz z Německa...",2013,,,141,,,benzín,141,year
27,https://auto.bazos.cz/inzerat/214751451/mazda-6-wagon-20-skyactiv-121-kw.php,Mazda 6 Wagon 2.0 Skyactiv 121 kW,"◼︎ Mazda 6 Wagon 2.0 Skyactiv 121 kW08/2016 (Německo) | 141 209 km | Benzín | STK 07/2026VIN: JMZGJ697671359854 | Černá metalíza◼︎ VÝBAVA- Climatronic – 2zónová automatická klimatizace- Head-up display- Parkovací senzory vpředu i vzadu s parkovací kamerou- Vyhřívaná přední sedadla- Nezávislé topení Webasto- Prémiové ozvučení BOSE- Bezklíčový přístup KESSY- Bluetooth- Apple CarPlay, Android AutoPodrobný výpis výbavy naleznete na našem webu dalsiauto tečka cz◼︎ SERVISDruhá sada ALU disků se zimním...",,141209,benzín,121,,141209,benzín,121,NO
28,https://auto.bazos.cz/inzerat/215792550/mazda-cx-30-20-skyactiv-g-110kw-automat-2021-46388km-navi.php,MAZDA CX-30 2.0 SKYACTIV-G 110kW AUTOMAT-2021-46.388KM-NAVI-,"► PRODÁM ◄► MAZDA CX30, CX 30 2,0 SKYACTIV G 110kW A/T ve velmi zachovalém stavu, pravidelně servisované• NOVÉ PNEUMATIKY• ODKAZ NA FOTOGALERII VOZIDLA A SERVISNÍ KNIHY ZAŠLU NA VYŽÁDÁNÍ.CARVERTICAL + CEBIA REPORT K DISPOZICI ✔➡ VIN: na vyžádání►Technické údaje:Karoserie: SUVNajeto: 46.388 KMObjem: 1 998 ccmVýkon: 110 kWPalivo: benzínPohon: předních kolDatum první registrace: 25.06.2021STK platné do: 02/2028Barva: šedá met.Převodovka: automatickáPlní EURO: EURO 6Dovoz z NěmeckaServisní kniha: an...",2021,,,110,,,benzín,110,year
29,https://auto.bazos.cz/inzerat/215792320/mazda-6-20-skyactiv-g-121kw-2014-122555km-acvyhrevpdc.php,"MAZDA 6 2.0 SKYACTIV-G 121kW-2014-122.555KM-AC,VÝHŘEV,PDC-","► PRODÁM ◄► MAZDA 6 GJ 2,0 SKYACTIV G 121kW ve velmi zachovalém stavu, pravidelně servisované výhradně u autorizovaného dealera Mazda, po prvním majiteli, nekuřák• ODKAZ NA FOTOGALERII VOZIDLA A SERVISNÍ KNIHY ZAŠLU NA VYŽÁDÁNÍCARVERTICAL + CEBIA REPORT K DISPOZICI ✔NEHAVAROVANÉ ✔➡ VIN: na vyžádání► Technické údaje:Karoserie: kombiNajeto: 122.555 KMObjem: 1 998 ccmVýkon: 121 kWPalivo: benzínDatum první registrace: 21.02.2014STK platné do: 01/2028Barva: modrá met.Převodovka: manuálníPlní EURO: EU...",2014,,,121,,,benzín,121,year
30,https://auto.bazos.cz/inzerat/215754301/mazda-cx-5-20-skyactiv-g-121kw-2015-116107km-navivyhrev.php,"MAZDA CX-5 2.0 SKYACTIV-G 121kW-2015-116.107KM-NAVI,VÝHŘEV-","► PRODÁM ◄► MAZDA CX5, CX 5 FACELIFT 2,0 SKYACTIV G 121kW ve velmi zachovalém stavu, pravidelně servisované• LETNÍ SADA R17 + ZIMNÍ SADA R17• ODKAZ NA FOTOGALERII VOZIDLA A SERVISNÍ KNIHY ZAŠLU NA VYŽÁDÁNÍ.CARVERTICAL + CEBIA REPORT K DISPOZICI ✔➡ VIN: na vyžádání►Technické údaje:Karoserie: SUVNajeto: 116.107 KMObjem: 1 998 ccmVýkon: 121 kWPalivo: benzínPohon: předních kolDatum první registrace: 29.06.2015STK platné do: 02/2028Barva: červená met.Převodovka: manuálníPlní EURO: EURO 6Dovoz z Němec...",2015,,,121,,,benzín,121,year
31,https://auto.bazos.cz/inzerat/215791717/mazda-cx-5-20-skyactiv-g-121kw-2016-107410km-navivyhrev.php,"MAZDA CX-5 2.0 SKYACTIV-G 121kW-2016-107.410KM-NAVI,VÝHŘEV-","► PRODÁM ◄► MAZDA CX5, CX 5 FACELIFT 2,0 SKYACTIV G 121kW ve velmi zachovalém stavu, pravidelně servisované u aut. dealera Mazda• LETNÍ SADA R17 + ZIMNÍ SADA R17• ODKAZ NA FOTOGALERII VOZIDLA A SERVISNÍ KNIHY ZAŠLU NA VYŽÁDÁNÍ.CARVERTICAL + CEBIA REPORT K DISPOZICI ✔NEHAVAROVANÉ ✔➡ VIN: na vyžádání►Technické údaje:Karoserie: SUVNajeto: 107.410 KMObjem: 1 998 ccmVýkon: 121 kWPalivo: benzínPohon: předních kolDatum první registrace: 15.03.2016STK platné do: 01/2028Barva: šedá met.Převodovka: manuál...",2016,,,121,,,benzín,121,year
32,https://auto.bazos.cz/inzerat/215747664/mazda-cx-5-20-skyactiv-g-121kw-2015-72500km-navivyhrev.php,"MAZDA CX-5 2.0 SKYACTIV-G 121kW-2015-72.500KM-NAVI,VÝHŘEV-","► PRODÁM ◄► MAZDA CX5, CX 5 FACELIFT 2,0 SKYACTIV G 121kW ve velmi zachovalém stavu, pravidelně servisované výlučně u autorizovaného dealera Mazda• ODKAZ NA FOTOGALERII VOZIDLA A SERVISNÍ KNIHY ZAŠLU NA VYŽÁDÁNÍ.CARVERTICAL + CEBIA REPORT K DISPOZICI ✔NEHAVAROVANÉ ✔➡ VIN: na vyžádání►Technické údaje:Karoserie: SUVNajeto: 72.500 KMObjem: 1 998 ccmVýkon: 121 kWPalivo: benzínPohon: předních kolDatum první registrace: 16.10.2015STK platné do: 03/2028Barva: černá met.Převodovka: manuálníPlní EURO: EU...",2015,,,121,,,benzín,121,year
33,https://auto.bazos.cz/inzerat/215876294/mazda-6-20-disi-114kw-2010-224885km-klimaelokna.php,"MAZDA 6 2.0 DISI 114kW-2010-224.885KM-KLIMA,EL.OKNA-","► PRODÁM ◄► MAZDA 6 GH FACELIFT 2,0 DISI 114kW ve velmi zachovalém stavu• ODKAZ NA FOTOGALERII VOZIDLA A SERVISNÍ KNIHY ZAŠLU NA VYŽÁDÁNÍ• LETNÍ + ZIMNÍ SADA KOLCARVERTICAL + CEBIA REPORT K DISPOZICI ✔NEHAVAROVANÉ ✔➡ VIN: na vyžádání► Technické údaje:Karoserie: kombiNajeto: 224.885 KMObjem: 1 999 ccmVýkon: 114 kWPalivo: benzínDatum první registrace: 30.08.2010STK platné do: 02/2028Barva: šedá met.Převodovka: manuálníPlní EURO: EURO 5Dovoz z NěmeckaServisní kniha: anoKlimatizace: ano► Cena: 129.0...",2010,,,114,,,benzín,114,year
34,https://auto.bazos.cz/inzerat/214678036/mazda-cx-5-22-diesel-4x4skyactivenavivyhrev.php,Mazda CX-5 2.2 Diesel 4x4 GO motoru,"Prodám Mazda CX-5, 2.2 diesel, 110 Kw, 4x4, manuální převodovka, skyactive, uvedení do provozu 3/2015Najeto 243 tis kmVozidlo po GO motoru !!!!!!Nové olejové čerpadloNové rozvodyRepasované Turbo Rema TurboNové vstřikovačeNové náplněNové zimní pneumatikyNová STKNové BrzdyOdborně vyčištěné DPFCelkový servis za cca 150 tisícFaktury za opravu + záruka na díly !!!!!Bohatá výbava, např. el. okna, zrcátka, vyhřívané přední sedačky, klimatizace, parkovací senzory vpředu - vzadu, senzor tlaku v pneumatik...",2015,,diesel,110,,,diesel,110,year
35,https://auto.bazos.cz/inzerat/216115685/mazda-cx-3-20-88-kw.php,Mazda CX-3 2.0 88 kW,"Mazda CX-3 2.0 88 kW Skyactiv-G, Revolution - benzín, AKČNÍ CENA NA ÚVĚR 289999Kč, manuální převodovka, pohon kol: přední, do provozu: 28.6.2018, přihlášeno v ČR, najeto: 100567 km, STK + EMISE do: 7/2026, navigace, klimatizace, tempomat, NOVÉ PŘEDNÍ BRZDY.VýbavaLitá kolaMultifunkční volantNavigaceBluetoothCentrální zamykání na dálkové ovládáníAutomatická klimatizaceKožený volantZadní stěračISOFIX na zadních sedadlechZadní el. stahovatelná oknaPřední el. stahovatelná oknaElektricky nastavitelná ...",2018,100567,benzín,88,,100567,benzín,88,year
37,https://auto.bazos.cz/inzerat/215867201/mazda-6-kombi-gl-fl-25-skyactiv-g-143kw-krasavice.php,MAZDA 6 KOMBI GL FL 2.5 Skyactiv-G 143kw +++KRASAVICE+++,"Nově v nabídce:MAZDA 6 KOMBI GL FL 2.5 Skyactiv-G 143kw (G192) Sports-Linerok 2018 (říjen)najeto 120tis.km (doložitelné a se zárukou)Barva: Snowflake White PearlVýbava: 6x airbag, ABS, DSC (stabilizační systém), SCBS (antikolizní systém), automatická převodovka s možností řazení pádly pod volantem + režim Sport, MATRIX LED světla + LED denní svícení, LED zadní světla, automatické přepínání dálkových světel, hlídání mrtvého úhlu, hlídání jízdních pruhů, parkovací senzory vpředu-vzadu + 360° KAMER...",2018,,,143,,,,143,year
38,https://auto.bazos.cz/inzerat/215867393/mazda-cx-30-20-skyactiv-g122-jen-14tiskm-zaruka-do-2030.php,"Mazda CX-30 2.0 Skyactiv-G122, jen 14tis.km +ZÁRUKA DO 2030","Nově v nabídce:MAZDA CX30 2.0 Skyactiv-G 90kwHOMURArok 2024 (březen)najeto JEN 14tis.km (doložitelné a se zárukou)Barva: atraktivní Platinum Quartz METALLICBohatá výbava: 7x airbag, ABS, TCS (kontrola trakce), SCBS (antikolizní systém), GVC (G-Vectoring Control), manuální šestistupňová převodovka, LED světlomety, LED denní svícení, LED zadní světla, automatické přepínání dálkových světel, parkovací senzory vpředu-vzadu + KAMERA, HEAD-UP display (projekční), dvouzónová digitální klimatizace, adap...",2024,,,,2024,,,90,NO
39,https://auto.bazos.cz/inzerat/215867674/mazda-cx-5-kf-fl-20-skyactiv-g-121kw-new-ground-zaruka-2029.php,Mazda CX-5 KF FL 2.0 Skyactiv-G 121kw New Ground ZÁRUKA 2029,"Nově v nabídce:MAZDA CX5 KF FL 2.0 Skyactiv-G 121kw (G165) edice New Groundrok 2023 (duben)najeto 81tis.km (Se zárukou!)Barva: jedinečná Zirkon Sand PERLEŤVýbava: 6x airbag, ABS, DSC (stabilizační systém), SCBS (antikolizní systém), GVC (G-Vectoring control), manuální šestistupňová převodovka, MATTRIX LED světla + LED denní svícení, LED zadní světla, automatické přepínání dálkových světel, parkovací senzory vpředu-vzadu + 360° KAMERA, HEAD-UP display (projekční), dvouzónová automatická digitální...",2023,,,121,2023,,,121,NO
40,https://auto.bazos.cz/inzerat/215638009/mazda-5-20-110-kw-benzin139-600-km-tazne-7mist.php,"MAZDA 5 2.0 110 KW benzín,139 600 KM - Tažné, 7míst","Prodám Mazdu 5.Rok výroby: 12/2010Motor: 2.0 benzín 110kwPřevodovka: 6st.manualníNajeto: 139 564km, servisní historie, coc, palubní literatura, doklady tuv.Karoserie: mpvPočet dveří: 5Počet míst k sezení: 7Barva: světle modrá metalízaCelkový počet majitelů: 1Původ vozidla: NěmeckoVýbava: vyhřívané sedačky, tempomat, tažné zařízení, klimatizace, klimatizovaná přihrádka, multifunkční volant, všechna okna v elektrice, elektrická zrcátka, 8x airbag, originální autorádio, dálkové centrální zamykání, ...",,139564,,110,,139564,,110,NO
41,https://auto.bazos.cz/inzerat/215992988/mazda-cx-5-20benzinmanualpouze-115tiskm-zaruka.php,"MAZDA CX-5 2.0 BENZIN,MANUAL,POUZE 115TIS.KM-ZARUKA.","Mazda CX-5 2.0 benzin 121kW+6 rychlosti manual.R/v 2015.1 majitelka.Nehavarovane,garažovano.Pěkny lak bez oděrek šeda metaliza.Pěkny čisty interier nekuřak.Vybava-airbagy,ABS,ASR+ESP,2zonova digitalni klimatizace,velky multifunkčni display s navigaci,parkovaci kamera+senzory,radio,palubni počitač,tempomat,jizdni asistanti,vyhřivane vyškově nastavitelne sedadla,multifunkčni volant,el.okna+zrcatka,LED světla+denni sviceni+mlhovky,bezkličove startovani,TAŽNE zařizeni,letni+zimni kola a dalši.Najeto...",,,benzín,121,,,benzín,121,NO
43,https://auto.bazos.cz/inzerat/216207366/mazda-mx-5-nc-fl-20-prht-118kw.php,Mazda MX-5 NC FL 2.0 PRHT 118kW,"Prodám Mazdu MX-5 NC FL rok výroby 2012 2.0L 118kW 6 kvalt, samosvorný diferenciál, BILSTEIN podvozek, pevná skládací střecha PRHT, najeto 213t km (stále jezdí), motor jede krásně nežere olej, podvozek viz. foto, auto má pár oděrek z provozu ale nic co by nešlo řešit, pěkný interiér a celkově stav auta i přes větší nájezd. Do 160t km jezdilo v Německu do autorizovaného servisu.12.3.2026 Provedena STK bez závadPři 208t km výměna oleje v motoru, převodovce, diferenciálu a nové zadní brzdyVýbava: a...",2012,,,118,2012,,,118,NO
44,https://auto.bazos.cz/inzerat/215946540/mazda-6-mazda-6-gh-diesel-22-rok-2012.php,"Mazda 6, Mazda 6 GH Diesel 2.2 rok 2012","Prodám Mazda 6 II gen. nafta rok 2012. Vozidlo koupené v ČR. Na vozidle dělaná komplet spojka, kotouče, brzdiče, pneumatiky, lambda sonda a jiné... v servisu. Doložitelné faktury. Vozidlo má zadřený motor. Do poslední chvíle auto v perfektním stavu. Bez koroze. STK platná do 2027. Vozidlo je vhodné k přestavbě ( výměna motoru ) nebo na náhradní díly. Vozidlo startuje na volnoběh běží je sním možné najet i na podval. Není v nouzovém režimu. Bohužel už nemám finance na opravu. Na tento vůz je možn...",2012,,diesel,,2012,,diesel,,NO
45,https://auto.bazos.cz/inzerat/215536777/mazda-2-13-mpi1maj-1943-64000km.php,"Mazda 2, 1.3 Mpi,1.Maj 1943, 64000Km","Rok výroby:10/2011Najeto:64 780 kmPalivo:BenzínMotor:1 349 ccmVýkon:55 kWSTK do:2/2028Stav: Ojeté, Servisní knížkaVýbava:ABS, CD přehrávač, Dálkové centrální zamykání, El. ovládání oken, Imobilizér, Isofix, Litá kola, Posilovač řízení, Tónovaná skla, Zadní stěrač, Otáčkoměr, AUXPoznámka:Vozidlo v hezkém zachovalém stavu po 1 Majitelce narozenou 1943, najeto pouze 64000Km!!! KLIMATIZACE",,64780,,55,,64780,benzín,55,NO
47,https://auto.bazos.cz/inzerat/216192622/mazda-cx-30-20i-110kw-1majitel-52000km-servis-mazda-kamera.php,Mazda CX-30 2.0i 110Kw 1.majitel 52000km servis Mazda kamera,"Video prohlídka viz odkazhttps://www.youtube.com/shorts/9OUzlPNFbysProdám Mazda CX-30 2.0i 110kw benzín 4x2 pohon přední nápravy manuální šestistupňová převodovka po prvním majiteli v Německu (rodina)Rok výroby 07/2020 provoz 10/2020Stav tachometru 52000kmKilometry podloženy úplnou servisní historii 11/2025 z autorizovaného servisu Mazda + protokoly z Německé STK 11/2025K vozidlu je COC listGarance kilometrů do kupní smlouvy100% nehavarováno, nelakovánoVozidlo je po předprodejní prohlídce11/2025...",,52000,,110,,52000,,110,NO
48,https://auto.bazos.cz/inzerat/213751051/mazda-cx-5-kf-22d-skyactive-135kw-revolution-4x4-automat.php,"MAZDA CX-5 KF 2,2d SKYACTIVE 135KW REVOLUTION 4X4 AUTOMAT","Dobrý den,Prodám Mazdu CX5 KF 2,2d SKYACTIVE 135KW REVOLUTION 4X4 AUTOMAT, auto je po druhém majiteli, v provozu od 2019, najeto skutečných cca 129tkm (doloženo). Auto je velmi zachovalé, bez kosmetických vad, garážované, pravidelně servisované.Nyní po servisu:Přední kotouče + destičky + vodící čepyZadní kotouče + destičky + vodící čepyolej + fitrvzduchový filtrkabinový filtrVýbava:8x airbag, dvouzonová automatická klimatizace, bezklíčové startování, headup display, vyhřívaný volant, vyhřívané p...",2019,,,135,2019,,,135,NO
50,https://auto.bazos.cz/inzerat/216146028/mazda-cx5-22d-129kw-awd-4x4-skyactive-model-2013.php,Mazda CX5 2.2D 129kw AWD 4x4 Skyactive Model 2013,"Mazda CX5 2.2D 129kw AWD 4x4 SkyactiveModel 2013Najeto 198 tisic km2.majitelPravidelný servisBez koroze a kosmetických vadZachovaly krásný interiérVozidlo bez investic sednout a jet.Vysoká výbava!!!Pravidelný kvalitní servis2x kliceKrasne pevné svezeniSuper spotřeba kolem 6 litruVýbava:Abs, asr, esp, servo, el. Okna, el. Zrcátka, central dálkový, Kessy - bezklicove odemykání a startování, bixenony s přísvitem, senzory přední zadní se zobrazením, parkovací kamera, mrtvé úhly, start stop, hlídání ...",2013,,,129,2013,,,129,NO
54,https://auto.bazos.cz/inzerat/216143403/mazda-cx5-2015-22d-skyactiv-fwd.php,MAZDA CX5 2015 2.2D SKYACTIV FWD,"Nabízíme k prodeji -Mazda cx5 , rok výroby 2015 2.2D FWD skyactiv.Motorizace 2.2d s výkonem 110kw. Manuální převodovka.Najeto doložitelných 152.150km. Pravidelně servisované auto.Nyní po výměně motorového oleje.Výbava mazda cx 5 - led+xenony,navigace,automatická klimatizace,tempomat,maxi dot,alu kola,parkovací senzory,esp,centrální zamykání,el okna, autorádio,isofix ……Velmi dobrý technický stav. Bez koroze.Čistý,neponičený interiér.Nekuřácké auto.Po druhém majiteli. První majitel autosalon (před...",2015,,,110,2015,,,110,NO
58,https://auto.bazos.cz/inzerat/216164842/mazda-cx-5-20i-121kw-4x4-1majitel-90000km-servis-mazda.php,Mazda CX-5 2.0i 121Kw 4x4 1.majitel 90000km servis Mazda,"Video prohlídka viz odkazhttps://www.youtube.com/shorts/QZLHopntWpkProdám Mazda CX-5 2.0i 121Kw benzín 4x4 pohon všech kol manuální šestistupňová převodovka po prvním majiteli v Německu.Rok výroby 01/2022 provoz 02/2022Stav tachometru 90000kmKilometry jsou podloženy úplnou servisní historii 09/25 z autorizovaného servisu Mazda + protokoly z Německé STK 02/2025K vozidlu je COC listGarance kilometrů do kupní smlouvy100% nehavarováno, nelakovánoVozidlo bylo pravidelně každý rok servisované v autori...",,80000,,121,,80000,,121,NO
60,https://auto.bazos.cz/inzerat/216131493/mazda-6-25-143kw-skyactive-2020.php,Mazda 6 2.5 143kw Skyactive 2020 (Takumi),"Prodám Mazdu 6 Skyactiv 2.5l 143kw r.v 2020 Takumi výbava . Na voze proběhla výměna oleje v převodovce a motoru s filtry . Najeto 74tis km .Perfektní technický stav i vzhled vozu bez poškození, velmi zachovalý vůz. První registrace 12/2019, provoz od 01/2020. Krásné  výbavové provedení Takumi, adaptivní tempomat, asistent jízdy v pruzích, Head-Up display, 360° kamery kolem celého vozu, LED adaptivní přední světlomety, bezklíčové odemykání a startování, satelitní navigace včetně funkce Apple car ...",2020,,,143,2020,,,143,NO
61,https://auto.bazos.cz/inzerat/216120515/mazda-6-20i-114kw2011kuzevyhrevydigiklimaservibez-rzi.php,"MAZDA 6 2.0i 114KW,2011,KŮŽE,VÝHŘEV,DIGIKLIMA,SERVIS,BEZ RZI","PRODÁM MAZDU 6 FACELIFT GH WAGON (KOMBI / COMBI) SE SPOLEHLIVÝM BENZINOVÝM MOTOREM 2.0 DISI - 114KW!Technická data:Motor: 2.0i, 1.999ccm, benzin, o výkonu 114kw / 155 koní!Převodovka: Manuální 6ti stupňováRok: 2011Najeto: 193.500km, PÍSEMNÁ záruka na najeté km + servisní a palubní dokumentace .Vin: JMZGHA9E601474823Barva: ČERNÁ METALÍZASTK: Dovoz z DK, DOVOZOVÁ STK + EMISE v ceně vozu!Výbava:• Přední mlhovky• Ostřik světlometů• ABS, ESP, ASR• 6x Airbag, vypínatelný airbag spolujezdce, ISOFIX• As...",,,,114,2011,,,114,NO
64,https://auto.bazos.cz/inzerat/216115472/mazda-cx-5-20-skyactiv-121kw-1majitel-r2014.php,Mazda CX-5 2.0 Skyactiv 121kW 1.majitel r.2014,"Prodám Mazda CX-5 2.0 benzin Skyactiv 121kW. Po prvním majiteli z Německa. Auto v pěkném stavu. Nyní po pravidelné servisní prohlídce s výměnou oleje a filtru.Najeto:145 000 kmVyrobeno:10/2014Karosérie:SUVBarva:Modrá, Tmavá, PerleťováKlimatizace:Dvouzónová automatickáPočet airbagů:6Počet dveří:5Počet míst:5Palivo:BenzínObjem:1 998 ccmVýkon:121 kW (165 koní)Převodovka:ManuálníPřevodový stupeň:6 stupňováPohon:Pohon předních kolPlní EURO:EURO 51. majitel:AnoServ. knížka:AnoZemě původu:NěmeckoBezpeč...",,145000,benzín,121,,145000,benzín,121,NO
65,https://auto.bazos.cz/inzerat/215995733/mazda-6-25i-141kw-sports-line-full-led-kamera-bose.php,"MAZDA 6, 2.5i 141kW, SPORTS-LINE, FULL LED, KAMERA, BOSE","MAZDA 6 GJ, 2.5i, SKYACTIVE, 141kW, SPORTS-LINE, FULL LED, KAMERA, BOSE, ARok výroby: 09/2015Palivo: benzínVýkon: 141 kWObjem: 2 488 ccmKaroserie: LimuzínNajeto: 149 000 kmBarva: šedá metal.VIN: JMZGJ623871318798Cena: 319 000,-KčVýbava:Adaptivní tempomatABSAlarm s dálkovým ovládánímAutomatická klimatizaceAutomatická převodovkaAutorádioBezklíčové ovládáníBoční airbagyCD přehrávačCentrální zamykáníDálkově ovládané centrální zamykáníDělená zadní sedadlaEl. ovládání okenEl. ovládání zrcátekEl. seřid...",,149000,,141,,149000,,141,NO
66,https://auto.bazos.cz/inzerat/215703611/mazda-2-13i-55kwrok-2010177tkmservis-knizkanova-stk.php,"Mazda 2 1.3i 55kw,Rok 2010,177tkm,Servis Knížka,Nová STK","Prodám Mazda 2 1.3i 55kw rok 2010 najeto 177tkm,1majitel,Garažovany vůz,Bez KorozeAuto je servisováno a je technicky v dobrém stavu,Servisní Knížka,Bez Koroze,Zimní pneu,Letní pneu,Nová STKVýbava:-manuální převodovka-klimatizace-4x airbag-2x el okna-ABS-autorádio-posilovač řízení-centrální dálkové zamykáníDovoz original doklady na přihlášení více info po telCena 69 900 KčTel 778 049 405",2010,,,55,2010,,,55,NO
67,https://auto.bazos.cz/inzerat/216096279/mazda-2-13i-klima-model-2010.php,Mazda 2 1.3i Klima Model 2010,"Mazda 2 1.3i r.v.2010 naj 121tis servisní kniha,servis mazda,protokoly z rakouských stk s km, 1 Majitelka,Klima-chladí,el.okna,e.zrcátka,centrál 2xklíč,4xairbag,zimni pneu a letní pneu, Nová Stk.Dovoz Rakousko na přihlášení.Cena 72 000kč včetně nové Stk možno odjet po ose přihlášení 800kč. 731 46 76 50",2010,,,,2010,,,,NO
69,https://auto.bazos.cz/inzerat/215600449/mazda-cx-5-20-benzin-160ps-4x4-revolution-rok-2018-nove-cz.php,"Mazda CX-5 2.0 benzin 160PS 4x4 Revolution, rok 2018 nové CZ","Prodám Mazda CX-5 2.0 4x4 RevolutionMazda, Mazda CX5, CX5 benzin, Mazda SkyActiv, CX-5 2.0 Skyactiv,Objem motoru: 1998 ccmVýkon motoru: 118kW/160PSMotor: 4 válecPalivo: benzinPřevodovka: manuální 6 ti stupňováBarva: modrá metalízaDatum první registrace: 22.01.2018Země původu: Česká RepublikaPočet majitelů: První majitelNajeto: 185.294 km, řádně servisovánoPohon: 4x4Výbava:ABS, ESP, Hlídání mrtvého úhlu, Protiprokluzový systém kol (ASR), Sledování jízdního pruhu,Parkovací senzory, Rozpoznávání do...",2018,,benzín,118,2018,,benzín,118,NO
70,https://auto.bazos.cz/inzerat/215427654/mazda-6-22-d-skyactive-110kwrok-042015-cervena-metaliza.php,"Mazda 6 2.2 D Skyactive 110kW,rok 04.2015,1. Majitel","Prodám Mazda 6 2.2 skyactiv04.2015 rok2.2 dieselmanuální převodovkaStav tachometru 185000 kmVýbava:Asistent mrtvého úhluAutomatické světloAdaptivní osvětlení zatáčekParkovací senzoryElektricky nastavitelná a vyhřívaná zpětná zrcátkaMultifunkční volantSada hands-freeAudio systemVyhřívané přední sedačky,TempomatBluetoothNavigaceEco systém start stopdvouzónová klimatizaceAutomatické stírání čelního sklaVyhřívané zadní oknoServisní knížkaMožnost odpočtu DPHK tomu je k dispozici střešní nosičPro dota...",,,,110,,185000,diesel,110,NO
74,https://auto.bazos.cz/inzerat/215231679/mazda-3-20i-90kw-sports-g122-bose-led-acc-kamera.php,► MAZDA 3 2.0i 90KW SPORTS G122 BOSE-LED-ACC-KAMERA,prodám MAZDA 3 2.0i 90KW G122 SKYACTIV SPORTS BOSEBÍLÁ ARACHNE PERLEŤZÁRUKA PŮVODU-STAVU-KMMANUÁLNÍ PŘEVODOVKA 6RPRAVIDELNĚ SERVISOVANÉ - řádně vedená servisní historie po celou dobumožnost náhlednutí do celé historie vozidla - detekce laku karoserie - možnost připojení na diagnostiku► SOUND SYSTEM BOSE SURROUND► VYHŘÍVANÝ VĚNEC VOLANTU► SEDAČKY LÁTKOVÉ► BEZKLÍČOVÉ ODEMYKÁNÍ A START► HEAD UP DISPLEY► SATELITNÍ NAVIGACE► HLÍDÁNÍ TLAKU V PNEU► RVM HLÍDÁNÍ MRTVÉHO ÚHLU► HLÍDÁNÍ JÍZDNÍCH PRUHŮ► LED ...,,133000,,90,,133000,,90,NO
75,https://auto.bazos.cz/inzerat/215797557/mazda-cx-3-20i-88kw-revolution-head-up-led-kamera-tazne.php,► MAZDA CX-3 2.0i 88KW REVOLUTION HEAD-UP-LED-KAMERA-TAŽNÉ,prodám MAZDA CX3 2.0i 88KW REVOLUTION SKYACTIV SPORTSMONDSTEIN BÍLÁ METALÍZAZÁRUKA PŮVODU-STAVU-KMMANUÁLNÍ PŘEVODOVKA 6RPRAVIDELNĚ SERVISOVANÉmožnost náhlednutí do celé historie vozidla - detekce laku karoserie - možnost připojení na diagnostiku► SEDAČKY KOMBINACE LÁTKY A KŮŽE obšité BÍLOU nití► BEZKLÍČOVÉ ODEMYKÁNÍ A START► HEAD UP DISPLEY► SATELITNÍ NAVIGACE► HLÍDÁNÍ TLAKU V PNEU► RVM HLÍDÁNÍ MRTVÉHO ÚHLU► LED DENNÍ SVÍCENÍ► LED SVĚTLOMETY► PARKOVACÍ SENZORY PŘEDNÍ-ZADNÍ► PARKOVACÍ KAMERA► TEM...,,139000,,88,,139000,,88,NO
76,https://auto.bazos.cz/inzerat/215382286/mazda-cx-30-20-90kw-skyactiv-automat-led-head-up-area-360.php,► MAZDA CX-30 2.0 90KW SKYACTIV AUTOMAT LED-HEAD-UP-AREA 360,"prodám MAZDA CX-30 2.0i 90KW SKYACTIV SELECTIONMACHINE GRAU ŠEDÁ PERLEŤZÁRUKA PŮVODU-STAVU-KM - dovoz přímo z autohausu MAZDA SRNAUTOMATICKÁ PŘEVODOVKAPRAVIDELNĚ SERVISOVANÉ v MAZDA - řádně vedená servisní historie po celou dobu v SRN, veškeré výpisy servisní historiemožnost náhlednutí do celé historie vozidla - detekce laku karoserie - možnost připojení na diagnostiku►► BEZKLÍČOVÉ ODEMYKÁNÍ A START►► AUTOMATICÁ DÁLKOVÁ SVĚTLA►► LED SVĚTLOMETY►► HEAD UP DISPLEY►► ELEKTRICKÉ VÍKO KUFRU► SATELITNÍ...",,133000,,90,,133000,,90,NO
78,https://auto.bazos.cz/inzerat/214914901/mazda-2-13-benzin-najeto-118000.php,mazda 2 1.3  benzin,prodam funkcni ale havarovanou mazdumazda 21.3 benzinr.v 2010stk do konce roku 2027vuz je na zimnich pneuvybavaclimaelektricke stahovani okena mnoho dalsihoco je poskozenopredni naraznik ( mam koupeny cely novy v barve )kapotapravy blatnikcelmi skloairbakyto by melo byt vse.bohuzel nemam na to cas vse dodelat.motor funguje vyborne  a vouidlo normalne jede.sviti atd takze po vlastni ose by to slo take ale nevim vzhledem k tumu prasklemu celimu sklu.volat kdykoli,2010,,benzín,,2010,,benzín,,NO
80,https://auto.bazos.cz/inzerat/215871012/mazda-6-gj-20i-121kw-skyactive-bi-xenon-rvm-tempomat.php,"MAZDA 6 GJ, 2.0i 121kW, SKYACTIVE,  BI-XENON, RVM, TEMPOMAT","MAZDA 6, 2.0i 121kW, SKYACTIVE, EXCLUSIVE, BiXENON, BLIS, NAVI., TEMPOMATRok výroby: 02/2013Palivo: benzínVýkon: 121 kWObjem: 1 998 ccmKaroserie: kombiNajeto: 115 000 kmBarva: šedá metal.VIN: JMZGJ597611101750Cena: 289 000,-KčVýbava:ABSAutomatická klimatizaceAutorádioBezklíčové ovládáníBoční airbagyCD přehrávačCentrální zamykáníDálkově ovládané centrální zamykáníDělená zadní sedadlaEl. ovládání okenEl. ovládání zrcátekESPImobilizérLité diskyManuální převodovkaMultifunkční volantMlhovkyNastavitel...",,115000,,121,,115000,,121,NO
81,https://auto.bazos.cz/inzerat/216007246/mazda-mx-5.php,Mazda MX-5 2001 109.000km 1.6i 16v TRILOGY,"Mazda MX-51.6i 16v 81kw2001První registrace 25.7.2001109.000kmDOVOZ NĚMECKOVIN NA FOTO - ZJISTĚTE SI CO KDE CHCETEPŘEDNÍ BLATNÍK DOLÍČEK - LZE VYROVNAT BEZ POŠKOZENÍ LAKU - NEBUDE POZNAT - MOHU ZAŘÍDITV CENĚ NOVÉ DOVOZOVÉ STK DO 3.2028REGISTRACE POUZE 800,-KčPŘEVOZNÍ ZNAČKU VYDÁM NA MÍSTĚ50351 Chlumec nad CidlinouPřímo u dálnice D11 sjezd 62PRAHA 60KMHRADEC KRÁLOVÉ 25KM",2001,,,,2001,,,81,NO
82,https://auto.bazos.cz/inzerat/215909317/mazda-6-2015-22-diesel-6mt.php,Mazda 6 2015 • 2.2 Diesel • 6MT,"Mazda 6 2015• 2.2 Diesel • 6MT — nový motor,KOMPLETNÍ Prodám dobře udržovanou Mazdu 2015 v perfektním technickém stavu.Motor je kompletně repasovaný, vyměněn při 241 tis. km, zpracovaný pro záběh (244 tis. km) — běží tiše, plynule, nekouří a nespaluje olej.Nová hlava válců, vyměněny všechny spotřební materiály — žádné ne ne nedodání.🔥 Bohatá výbava: kožený interiér • tempomat • klima • vyhřívaná sedadla • zadní kamera • parkovací senzory • senzory mrtvého úhlu • senzory světla a deště • senzory ...",2015,,diesel,,2015,,diesel,,NO
84,https://auto.bazos.cz/inzerat/215958816/mazda-cx-5-20-121kw-advantage-rv012022-naviledhead-up.php,"MAZDA CX-5 2.0 121kW AD´VANTAGE r.v.01/2022 NAVI,LED,HEAD UP","MAZDA CX-5 2.0 121kW AD´VANTAGE r.v.01/2022 šedá metalíza POLYMETAL GREY,najeto 72300km,úplná servisní historie pouze Mazda,1.majitel,satelitní navigace,tempomat,LED světlomety,projekční head up s čtením dopravních značek,dvouzónová automatická klimatizace,abs,esp,6xairbag,litá kola 19"",vyhřívané sedačky a volant,bezklíčkové odemykání a startování vozu,senzor světel a stěračů,mlhovky,el.okna a zrcátka,Android Auto,Apple CarPlay,dělená zadní sedadla,el.ovládané víko zavazadelníku,asistent rozjezd...",,72300,,121,,72300,,121,NO
85,https://auto.bazos.cz/inzerat/215692464/mazda-3-sedan-20-skyactiv-g-132-kw.php,Mazda 3 sedan 2.0 Skyactiv-X 132 kW,"Dobrý den,nabízím k prodeji náš vůz Mazda 3 sedan r.v. 9.2019, se silným, ale úsporným motorem 2.0 Skyactiv-X 132 kW / 180 k s automatickou převodovkou. Vynikajicí stav. Nejvyšší výbava, interiér kompletní v nádherné krémové kůži s příplatkovým ozvučením BOSE. Parkovaci 360° kamera a CarPlay. První majitel, kupováno v ČR v Mazdě. Nájezd ověřitelný. Servis vedený a pravidelně vykonávaný v autorizovaném servisu Mazda.Nikdy nebouráno, na aute pouze od roku 2019 proběhlo menší lakování, z důvodu van...",,,,132,,,benzín,132,NO
87,https://auto.bazos.cz/inzerat/215690528/mazda-6-gh-22-136-kw.php,"Mazda 6 (GH) 2.2, 136 KW","Mazda 6 (GH) 2.2, 136 KWProdám Mazda 6 (GH) 2.2, 136 KW, Naftový motor, ročník 2009. Jedná se o nejvýkonnější naftový motor s nejvyšší výbavou u této verze s manuální převodovkou. S autem je možné okamžitě odjet.Najeto: 291xxx kmManuální 6-ti stupňová převodovkaPalivo: dieselVýkon: 136KW (186 koni)Barva: šedá metalízaKaroserie: hatchback2x klíčeSTK: 30.7. 2027Výbava:kožené sedačkyvyhřívaná sedadlaklimatizacetempomatparkovací senzory vpředu i vzadumultifunkční volantsignalizace mrtvého úhluBOSE s...",,,,136,,,Naftový,136,NO
88,https://auto.bazos.cz/inzerat/215683137/prodam-mazdu-cx-9-37i-awd-2015.php,"Prodám Mazdu Cx-9 3,7i AWD 2015","Dobrý den, prodám Mazdu Cx-9 3,7i AWD. rv. 2015, najeto: 136 000, výkon: 204kw.Stav udržovaný, nástřik dutin každé 2 roky, antikorozní ochrana podvozku každý rok, oleje: Motor 8000km, převodovka, rozvodovka a diferenciály po 25 000. Dvě sady pneu: Letní 90% (pilot sport 5) zimní 5,5mm (cooper wrangler). Vše na 20´. Opečovávané auto.Podobné jako: Mazda cx-7, Ford C-MAX, S-MAX Seat Alhambra, Wolkswagen Sharan, Renault Grand Picasso, Chrysler Pacifica.....",2015,,,204,2015,,,204,NO
89,https://auto.bazos.cz/inzerat/216242697/mazda-cx-5-20-najeto-56-tis-led-navi-awd-4x4-1-maj.php,"Mazda CX-5, 2.0 najeto 56 tis., LED, NAVI, AWD 4x4, 1. Maj","Prodám Mazdu CX5 2.0 Skyactiv-G 121kW - benzínPřevodovka manuální - 6 rychlostí.- najeto 56 000 Km- možnost odpočtu DPH- zimní pneu +  AL disky- garážovanéBezpečnostní systémy:ABS, ESP, Hlídání mrtvého úhlu, Nouzové brždění, Protiprokluzový systém kol (ASR), Sledování jízdního pruhu, Systém nouzového zastaveníAsistenční systémy:Asistent rozjezdu do kopce, Parkovací senzory, Tempomat, Parkovací senzory přední, Parkovací senzory zadní, Front Assist, Lane AssistZabezpečení vozidla:Dálkové centrální...",,,,121,,56000,benzín,121,NO
90,https://auto.bazos.cz/inzerat/216242698/mazda-3.php,Mazda 3,"Dobrý den prodám Mazdu 3 rv 2005 motor 1,6 diesel ,auto je pojízdné,  STK do červen 2026 nutné opravy nebo na náhradní díly. Dotazy zodpovím po telefonu .",2005,,diesel,,2005,,diesel,,NO
93,https://auto.bazos.cz/inzerat/216235689/mazda-cx5-4wd-22-diesel.php,Mazda cx5 4wd 2.2 diesel,Prodám Mazdu sx5 2.2 diesel 129 kwNove oleje filtryPřední nápravaBrzdyTop stavPro více info volejtePři rychlém jednání sleva,,,diesel,,,,diesel,129,NO
95,https://auto.bazos.cz/inzerat/216234525/mazda-6.php,Mazda 6,"Prodám mazdu 2.2 diesel klepe na klikovce,r.v.2009,nezávislé topení,nové rozvody,stk do 4.3.2027",2009,,diesel,,2009,,diesel,,NO
97,https://auto.bazos.cz/inzerat/216231053/mazda-tribute-23-110kw-44.php,Mazda Tribute 2.3 110kw 4×4,"Prodám Mazda Tribute 2.3 110kw Rok výroby 2004.Najeto 209tisDělaná hlava motoru.Výbava: přední řidičova sedačka je el. ovládaná, tempomat, el. okna, klimatizace, autorádio, 4x4, tažné zařízení, nová STK.",2004,,,110,2004,,,110,NO
98,https://auto.bazos.cz/inzerat/216226367/mazda-6-gh-22-skyactiv.php,Mazda 6 GH 2.2. Skyactiv,Mazda 6rok 20172.2ccm / 110KWTažné na 1.600 Kgnajeto 220 tislehce poškozený zadní nárazník viz fotoStav odpovídá stáří a nájezduK autu druhá sada letních kol.Cena včetně DPHvía info po telefonu.,,,,,,,,110,NO
99,https://auto.bazos.cz/inzerat/216224718/mazda2.php,Mazda 2,"Prodám Mazda2 rv 2004 oděrky z provozu mírná koroze viz foto, nejvice dvere ridice, mnoho novych dilu, 162tis najeto úsporný provoz",2004,,,,2004,,,,NO
100,https://auto.bazos.cz/inzerat/216222850/mazda-3-16-i.php,Mazda 3    1.6 i,"Prodám Mazda 3 , 1.6 i ( 77 kw ), r.v. 10/2010, najeto 229 tis.km ( servisní kniha, protokoly ze servisu ), 5 rychlostí manuál, klimatizace, ALU kola, el. výbava, parkovací sensory, palubní PC, originál rádio a další. Dovoz Německo. Po dovozové STK a emisích. Dohlášení pouze : 800,-kč. Cena : 109 000,-kč. Tel.: 725 367624",,,,77,,,,77,NO
105,https://auto.bazos.cz/inzerat/215652990/mazda-cx-5-20i-benzin-skyactiv-sky-blue-manual.php,MAZDA CX-5 2.0i BENZÍN SKYACTIV SKY BLUE MANUÁL,"Prodám Mazda CX-5 2.0i SkyActiv Manuál2014, 158.945km, 121kw(165ps), 6st.manuálna prevodovka, benzín, 5 dverí, 5 miestne, neprihlásené, dovezené…Krásny a maximálne zachovalý stav. Zmluvne garantujem počet najazdených kilometrov !!2x kľúč, servisná história - faktúry + protokoly zo zahraničnej STK. Karoséria v pôvodnom laku, nelakovaný, nehavarovaný automobil !! Interiér čistý, nezničený a po nefajčiarovi. Nový olej + filtre, zimné náplne, predné brzdy ...Bohatá výbava:Alarm, ABS, TCS, 8x Airbag,...",,,benzín,121,,,benzín,121,NO
107,https://auto.bazos.cz/inzerat/216214257/prodam-mazdu-323-kombi-rv-2000-15i.php,"Prodám Mazdu 323 kombi, r.v. 2000, 15i","Auto je ve slušném stavu, plně funkční. STK do 12,2027. Více informací po telefonu. Přepis nutný.",2000,,,,2000,,,,NO
108,https://auto.bazos.cz/inzerat/215912486/mazda-6-25-kombi-sports-line-rv092020-matrixnavi.php,"MAZDA 6 2.5 KOMBI SPORTS LINE r.v.09/2020 MATRIX,NAVI","MAZDA 6 2.5 143kW KOMBI SPORTS LINE r.v.09/2020 červená metalíza,najeto 81050km,úplná servisní historie pouze Mazda-doložím,satelitní navigace,adaptivní tempomat,automatická dvouzónová klimatizace,abs,esp,6xairbag,LED MATRIX světlomety,projekční head up s čtením dopravních značek,palubní počítač,automatická převodovka s možností řazení na volantu,vyhřívaná sedadla včetně zadních,vyhřívaný volant,ventilace sedaček,multifunkční volant,el.okna a zrcátka,parkovací senzory s kamerou 360°,hlísání mrtv...",,81050,,143,,81050,,143,NO
109,https://auto.bazos.cz/inzerat/216209906/mazda-3.php,Mazda 3,"Prodám Mazda 3, BK r.v. 2004, 1.6 benzin 77kw, najeto 290tis, STK, 4/27, 1.majitelka ČR dovoz Německo.Multifunkční volant, klima, rádio na CD, elektrická okénka vpředu i vzadu, elektricky nastavitelná zrcátka, alu kola. Nová poloosa, nové ramena, brzdové destičky, kotouče, isofix, nastavitelný volant, 2x klíč, 6x airbag, servisní knížka .Stav dle stáří ( koroze), plně pojízdná, auto je držák, nikdy mě nenechala ve štychu, zadní nárazník lehce obouchaný, případně přidám nárazník a letní pneu.",2004,,,77,2004,,,77,NO
110,https://auto.bazos.cz/inzerat/216208352/mazda-6.php,Mazda 6,"Prodám Mazdu 6 2.2 diesel 2012, jako soubor náhradních dílů, nebo na opravu, momentálně bez TP, pro více info volejte, pište",2012,,diesel,,2012,,diesel,,NO
111,https://auto.bazos.cz/inzerat/216208143/mx-5-18i-93-kw-miata-kabriolet-roadster.php,Mx-5 1.8i 93 kW Miata kabriolet Roadster,"Prodám krásnou Mazdu Mx-5 1.8i 93 kW Miata kabriolet Roadster,rok výr. 12/2010 (facelift) najeto 163.000 km (servisní knížka) barva modrá metal. orig. alu kola (nové celoroční pneu) hezký čistý interiér,střecha v top stavu,karosérie bez koroze, auto v perfektním stavu,dovoz Německo,coc list.",,,,93,,,,93,NO
113,https://auto.bazos.cz/inzerat/216206486/mazda-2-14i-111tkm.php,Mazda 2 1.4i 111tkm,"Mazda 2 1.4i 55kw, rozvody řetěz, spolehlivý motor, najeto 111tkm, absoltutne bez koroze, centrální zamykání, airbag, ABS, radio CD, USB, 5dv, stk 9/27, manuální převodovka, nikde nic netluče, funguje velmi pěkně, malé nenáročné vozítko, pouze vážní zájemci, více info na tel",,,111tkm,55,,111000,,55,NO
114,https://auto.bazos.cz/inzerat/216206149/mazda-6-20-121kw-skyactiv-kuzexenonynavialu19topstav.php,"Mazda 6 2.0 121Kw SKYACTIV Kůže,Xenony,Navi,Alu19,TOPstav","Cena: 269 000kčNajeto: 179 000 kmVyrobeno: 11/2013V provozu od: 12/2013VIN: JMZGJ597621137353Karosérie: KombiBarva: Šedá metalízaKlimatizace: AutomatickáPočet airbagů: 8Počet dveří: 5Počet míst: 5Palivo: BenzínObjem: 1 998 ccmVýkon: 121 kW (165 koní)Převodovka: Manuální 6 stupňová1. majitel: AnoServ. knížka: AnoVýbava vozu:ABS, ESP, Hlídání mrtvého úhlu, Protiprokluzový systém kol (ASR), Asistent rozjezdu do kopce, Parkovací asistent, Parkovací senzory, Tempomat, Parkovací senzory přední, Parkov...",2013,179000,,121,,179000,benzín,121,year
117,https://auto.bazos.cz/inzerat/216203090/mazda-6-skyactiv.php,Mazda 6-Skyactiv,"Mazda 6 2.2d 129kW naftaRok výroby: 2013Stav tachometru: 334xxx kmAuto je v pēkném zachovalém stavu, jezdí výbornē Vuz je plne vybavenNatácacie svetlomety, 6x airbag, ABS, ASR, ESP Centralne zamykanie, Deaktivácia airbagov, mobilizér, Isofix, Systém kontroly tlaku v pneumatikách, Asistent dial'kových svetiel, Klimatizácia dvojzónová, Bluetooth, Tempomat, Elektrické zrkadlá, Elektrické okná 4x, Vyhrievané zrkadla, Bezklucové startovanie, LED svietenie, Navigacny systém, Palubny pocitac, Vonkajsi ...",2013,,,129,2013,,,129,NO
119,https://auto.bazos.cz/inzerat/216202486/mazda-cx-5-25i-revolution-automat.php,"Mazda CX-5, 2,5i Revolution (automat)","Model: CX-5Výkon: 143 KWPalivo: benzinSTK do 09/2027První registrace: 6.9.2021Najeto: 95000KmVýbava:- 360° parkovací kamera- Sledování únavy řidiče- Hlídání mrtvého úhlu- Tažné zařízení- ABS- Automatická převodovka- AlarmBrzdový asistent (EBA, BAS)- ESP Systém- varování před čelní srážkou- Automatické zabrzdění v kopci- Imobilizér- Hlídání jizdního pruhu- Přední a zadní parkovací senzory- Posilovač řízení- Senzor stěračů- ISOFIX na zadních sedadlech- Protiprokluzový systém kol (TC, ASR)- Kontrol...",2021,95000,,143,,95000,benzín,143,year
120,https://auto.bazos.cz/inzerat/216201889/mazda-6.php,Mazda 6,"Mazda 6, r. v. 2014, 2.2 diesel, 110 kWNajeto: 299.800 kmAuto e servisovánoVubava:Bi-xenonové světlomety + LED denní svícení• Dvouzónová automatická klimatizace• Tempomat a omezovač rychlosti• Multifunkční volant v kůži• Palubní počítač• Barevný dotykový displej• Navigační systém• Bluetooth handsfree + audio streaming• USB / AUX připojení• Parkovací senzory (přední i zadní)• Elektrická okna a zrcátka (vyhřívaná)• Bezklíčové startování (Start/Stop tlačítko)• Centrální zamykání s dálkovým ovládání...",2014,,diesel,,2014,,diesel,110,NO
121,https://auto.bazos.cz/inzerat/216201189/mazda-6-20-114-kw-90th-anniversary-facelift-benzin.php,MAZDA 6 2.0 114 KW 90TH ANNIVERSARY FACELIFT - BENZÍN,"MAZDA 6 2.0 114 KW 90TH ANNIVERSARY FACELIFT - BENZÍNProdám hezkou Mazdu 6 2. generace ( GH ) ve vyšší výbavě 90th Anniversary s nejlepším benzínovým (atmosférickým) motorem 2.0 o výkonu 114 kW / 160 koní se šestistupňovou manuální převodovkou. Jedná se o faceliftový model.VYHŘÍVANÁ SEDADLAV provozu od: 01.2011Stav tachometru: 153 000 kmPalivo: BenzínObjem motoru: 1 999 ccmBarva: černá metalízaVýkon motoru: 114 kW (155 PS)Karoserie: KombiDveří / sedadel: 5 / 5Výbava vozidla:AirBag 6x, Alarm, Ant...",2011,,benzín,114,,153000,benzín,114,year
122,https://auto.bazos.cz/inzerat/216201166/mazda-6-25-125-kw-sports-line-gta-plus-benzin.php,MAZDA 6 2.5 125 KW SPORTS-LINE ( GTA PLUS ) - BENZÍN,"MAZDA 6 2.5 125 KW SPORTS-LINE ( GTA PLUS ) - BENZÍNProdám hezkou Mazdu 6 2. generace ( GH ) v nejvyšší výbavě Sports-Line ( GTA PLUS ) s nejlepším benzínovým (atmosférickým) motorem 2.5 o výkonu 125 kW / 170 koní se šestistupňovou manuální převodovkou. Jedná se o faceliftový model.VYHŘÍVANÁ SEDADLAV provozu od: 07.2010Stav tachometru: 188 000 kmPalivo: BenzínObjem motoru: 2 488 ccmBarva: šedá metalízaVýkon motoru: 125 kW (170 PS)Karoserie: KombiDveří / sedadel: 5 / 5Výbava vozidla:AirBag 6x, An...",2010,,benzín,125,,188000,benzín,125,year
123,https://auto.bazos.cz/inzerat/216201129/mazda-6-20-108-kw-exclusive-benzin.php,MAZDA 6 2.0 108 KW EXCLUSIVE - BENZÍN,"MAZDA 6 2.0 108 KW EXCLUSIVE - BENZÍNProdám hezkou Mazdu 6 2. generace ( GH ) ve výbavě Exclusive s nejlepším benzínovým (atmosférickým) motorem 2.0 o výkonu 108 kW / 147 koní se šestistupňovou manuální převodovkou.V provozu od: 03.2009Stav tachometru: 144 000 kmPalivo: BenzínObjem motoru: 1 999 ccmBarva: šedá sv. metalízaVýkon motoru: 108 kW (147 PS)Karoserie: KombiDveří / sedadel: 5 / 5Výbava vozidla:AirBag 6x, Alarm, Antiblokovací brzdový systém (ABS), Automatické zapínání světel, Centrální z...",2009,,benzín,108,,144000,benzín,108,year
124,https://auto.bazos.cz/inzerat/216201053/mazda-6-20-108-kw-exclusive-benzin.php,MAZDA 6 2.0 108 KW EXCLUSIVE - BENZÍN,"MAZDA 6 2.0 108 KW EXCLUSIVE - BENZÍNProdám hezkou Mazdu 6 2. generace ( GH ) ve výbavě Exclusive s nejlepším benzínovým (atmosférickým) motorem 2.0 o výkonu 108 kW / 147 koní se šestistupňovou manuální převodovkou.V provozu od: 06.2008Stav tachometru: 185 000 kmPalivo: BenzínObjem motoru: 1 999 ccmSTK: 06.2026Barva: modrá tm. metalízaVýkon motoru: 108 kW (147 PS)Karoserie: KombiDveří / sedadel: 5 / 5Výbava vozidla:AirBag 6x, Antiblokovací systém kol (ABS), Automatické rozsvěcení světel, Centrál...",2008,,benzín,108,,185000,benzín,108,year
125,https://auto.bazos.cz/inzerat/216201009/mazda-6-20-108-kw-exclusive-134-000-km-benzin.php,MAZDA 6 2.0 108 KW EXCLUSIVE | 134 000 KM | - BENZÍN,"MAZDA 6 2.0 108 KW EXCLUSIVE | 134 000 KM | - BENZÍNProdám hezkou Mazdu 6 2. generace ( GH ) ve výbavě Exclusive s nejlepším benzínovým (atmosférickým) motorem 2.0 o výkonu 108 kW / 147 koní se šestistupňovou manuální převodovkou.VYHŘÍVANÁ SEDADLAV provozu od: 04.2008Stav tachometru: 134 000 kmPalivo: BenzínObjem motoru: 1 999 ccmBarva: stříbrná metalízaVýkon motoru: 108 kW (147 PS)Karoserie: KombiDveří / sedadel: 5 / 5Výbava vozidla:AirBag 6x, Asistent-brzdový, Automatická světla, Automatické z...",2008,134000,benzín,108,,134000,benzín,108,year
126,https://auto.bazos.cz/inzerat/216200945/mazda-6-20-108-kw-exclusive-sport-benzin.php,MAZDA 6 2.0 108 KW EXCLUSIVE SPORT - BENZÍN,"MAZDA 6 2.0 108 KW EXCLUSIVE SPORT - BENZÍNProdám hezkou Mazdu 6 2. generace ( GH ) ve výbavě Exclusive Sport s nejlepším benzínovým (atmosférickým) motorem 2.0 o výkonu 108 kW / 147 koní se šestistupňovou manuální převodovkou.V provozu od: 03.2008Stav tachometru: 184 000 kmPalivo: BenzínObjem motoru: 1 999 ccmBarva: šedá metalízaVýkon motoru: 108 kW (147 PS)Karoserie: HatchbackDveří / sedadel: 5 / 5Výbava vozidla:AirBag 6x, Alarm, Antiblokovací brzdový systém (ABS), Automatické stěrače, Automat...",2008,,benzín,108,,184000,benzín,108,year
127,https://auto.bazos.cz/inzerat/216200895/mazda-6-25-125-kw-dynamic-benzin.php,MAZDA 6 2.5 125 KW DYNAMIC - BENZÍN,"MAZDA 6 2.5 125 KW DYNAMIC - BENZÍNProdám hezkou Mazdu 6 2. generace ( GH ) ve výbavě Dynamic s nejlepším benzínovým (atmosférickým) motorem 2.5 o výkonu 125 kW / 170 koní se šestistupňovou manuální převodovkou.V provozu od: 05.2008Stav tachometru: 218 000 kmPalivo: BenzínObjem motoru: 2 488 ccmBarva: stříbrná metalízaVýkon motoru: 125 kW (170 PS)Karoserie: KombiDveří / sedadel: 5 / 5Výbava vozidla:AirBag 6x, Autoalarm, Automatická světla, Automatické zapínání stěračů, Centrál. dálkově, Dělené z...",2008,,benzín,125,,218000,benzín,125,year
128,https://auto.bazos.cz/inzerat/216200864/mazda-6-20-108-kw-exclusive-sport-benzin.php,MAZDA 6 2.0 108 KW EXCLUSIVE SPORT - BENZÍN,"MAZDA 6 2.0 108 KW EXCLUSIVE SPORT - BENZÍNProdám hezkou Mazdu 6 2. generace ( GH ) ve výbavě Exclusive Sport s nejlepším benzínovým (atmosférickým) motorem 2.0 o výkonu 108 kW / 147 koní se šestistupňovou manuální převodovkou.V provozu od: 03.2009Stav tachometru: 240 000 kmPalivo: BenzínObjem motoru: 1 999 ccmBarva: černá metalízaVýkon motoru: 108 kW (147 PS)Karoserie: HatchbackDveří / sedadel: 5 / 5Výbava vozidla:AirBag 6x, Antiblokovací systém kol (ABS), Automatické rozsvěcení světel, Brzdový...",2009,,benzín,108,,240000,benzín,108,year
130,https://auto.bazos.cz/inzerat/216200773/mazda-5-20-110-kw-center-line-7-sedadel-benzin.php,MAZDA 5 2.0 110 KW CENTER-LINE 7 SEDADEL- BENZÍN,"MAZDA 5 2.0 110 KW CENTER-LINE 7 SEDADEL- BENZÍNProdám hezkou Mazdu 5 2. generace ( CW ) ve výbavě Center-Line s výborným benzínovým (atmosférickým) motorem 2.0 o výkonu 110 kW / 150 koní se šestistupňovou manuální převodovkou.V provozu od: 03.2011Stav tachometru: 211 000 kmPalivo: BenzínObjem motoru: 1 999 ccmBarva: černá metalízaVýkon motoru: 110 kW (150 PS)Karoserie: MPVDveří / sedadel: 5 / 7Výbava vozidla:AirBag 6x, Automatická světla, Automatické zapínání stěračů, Centrál. dálkově, Dělené z...",2011,,benzín,110,,211000,benzín,110,year
132,https://auto.bazos.cz/inzerat/216200727/mazda-5-20-110-kw-center-line-204-000-km-benzin.php,MAZDA 5 2.0 110 KW CENTER-LINE 204 000 KM - BENZÍN,"MAZDA 5 2.0 110 KW CENTER-LINE 204 000 KM - BENZÍNProdám Mazdu 5 2. generace ( CW ) ve výbavě Center-Line s výborným benzínovým (atmosférickým) motorem 2.0 o výkonu 110 kW / 150 koní se šestistupňovou manuální převodovkou.V provozu od: 12.2010Stav tachometru: 204 000 kmPalivo: BenzínObjem motoru: 1 999 ccmBarva: černá metalízaVýkon motoru: 110 kW (150 PS)Karoserie: MPVDveří / sedadel: 5 / 7Výbava vozidla:ABS, AirBag 6x, Alu kola, Asistent-brzdový, Asistent-parkovací zadní, Centrální zam. dálkově...",2010,204000,benzín,110,,204000,benzín,110,year
133,https://auto.bazos.cz/inzerat/216200706/mazda-5-20-107-kw-comfort-benzin.php,MAZDA 5 2.0 107 KW COMFORT - BENZÍN,"MAZDA 5 2.0 107 KW COMFORT - BENZÍNProdám Mazdu 5 1. generace ( CR ) ve výbavě Comfort s výborným benzínovým (atmosférickým) motorem 2.0 o výkonu 107 kW / 145 koní se šestistupňovou manuální převodovkou.VYHŘÍVANÁ SEDADLA7 MÍSTV provozu od: 01.2009Stav tachometru: 239 000 kmPalivo: BenzínObjem motoru: 1 999 ccmBarva: černá metalízaVýkon motoru: 107 kW (145 PS)Karoserie: MPVDveří / sedadel: 5 / 7Výbava vozidla:AirBag 6x, Centrál. dálkově, Dělené zadní sedačky, Dětská auto sedačka Isofix, Elektrick...",2009,,benzín,107,,239000,benzín,107,year
134,https://auto.bazos.cz/inzerat/216200684/mazda-3-20-88-kw-center-line-148tkm-benzin.php,MAZDA 3 2.0 88 KW CENTER-LINE 148TKM - BENZÍN,"MAZDA 3 2.0 88 KW CENTER-LINE 148TKM - BENZÍNProdám Mazdu 3 3. generace ( BM BN ) ve výbavě Center-Line (vyhřívaná sedadla, tempomat, atd.) s výborným benzínovým (atmosférickým) motorem 2.0 o výkonu 88 kW / 120 koní se šestistupňovou manuální převodovkou.VYHŘÍVANÁ SEDADLASERVISNÍ KNÍŽKANELAKOVÁNOV provozu od: 06.2014Stav tachometru: 148 000 kmPalivo: BenzínObjem motoru: 1 998 ccmSTK: 10.2027Barva: šedá metalízaVýkon motoru: 88 kW (120 PS)Karoserie: HatchbackDveří / sedadel: 5 / 5Výbava vozidla:A...",2014,,benzín,88,,148000,benzín,88,year
135,https://auto.bazos.cz/inzerat/216200665/mazda-3-20-88-kw-rok-2015-170-000-km-benzin.php,MAZDA 3 2.0 88 KW | ROK 2015 | 170 000 KM | - BENZÍN,"MAZDA 3 2.0 88 KW | ROK 2015 | 170 000 KM | - BENZÍNProdám Mazdu 3 3. generace ( BM BN ) ve výbavě Center-Line (vyhřívaná sedadla, tempomat, atd.) s výborným benzínovým (atmosférickým) motorem 2.0 o výkonu 88 kW / 120 koní se šestistupňovou manuální převodovkou.VYHŘÍVANÁ SEDADLAKOMPLETNÍ SERVISNÍ HISTORIE MAZDAV provozu od: 03.2015Stav tachometru: 170 000 kmPalivo: BenzínObjem motoru: 1 998 ccmBarva: červená metalízaVýkon motoru: 88 kW (120 PS)Karoserie: HatchbackDveří / sedadel: 5 / 51. MAJITEL...",2015,,benzín,88,,170000,benzín,88,year
136,https://auto.bazos.cz/inzerat/216200631/mazda-3-20-88-kw-sport-line-benzin.php,MAZDA 3 2.0 88 KW SPORT-LINE - BENZÍN,"MAZDA 3 2.0 88 KW SPORT-LINE - BENZÍNProdám Mazdu 3 3. generace ( BM BN ) ve vysoké výbavě Sports-Line s výborným benzínovým (atmosférickým) motorem 2.0 o výkonu 88 kW / 120 koní se šestistupňovou manuální převodovkou.VYHŘÍVANÁ SEDADLAV provozu od: 03.2014Stav tachometru: 231 000 kmPalivo: BenzínObjem motoru: 1 998 ccmSTK: 06.2027Barva: bílá metalízaVýkon motoru: 88 kW (120 PS)Karoserie: HatchbackDveří / sedadel: 5 / 5Výbava vozidla:ABS, AirBag 6x, Alu kola, Asistent-nouzového brždění, Asistent-...",2014,,benzín,88,,231000,benzín,88,year
137,https://auto.bazos.cz/inzerat/216200608/mazda-3-20-88-kw-sports-line-adaptivni-tempomat-benzin.php,MAZDA 3 2.0 88 KW SPORTS-LINE ADAPTIVNÍ TEMPOMAT - BENZÍN,"MAZDA 3 2.0 88 KW SPORTS-LINE ADAPTIVNÍ TEMPOMAT - BENZÍNProdám Mazdu 3 3. generace ( BM BN ) ve vysoké výbavě Sports-Line s výborným benzínovým (atmosférickým) motorem 2.0 o výkonu 88 kW / 120 koní se šestistupňovou manuální převodovkou.VYHŘÍVANÁ SEDADLAADAPTIVNÍ TEMPOMATHEAD UP DISPLAYSERVISNÍ KNÍŽKA (do 2024), aktuálně na autě zánovní brzdové kotouče, leden 2026 výměna olejeNELAKOVÁNOV provozu od: 12.2013Stav tachometru: 246 000 kmPalivo: BenzínObjem motoru: 1 998 ccmSTK: 06.2027Barva: modrá ...",2013,,benzín,88,,246000,benzín,88,year
138,https://auto.bazos.cz/inzerat/216200535/mazda-3-16-77-kw-90th-anniversary-159-000-km-benzin.php,MAZDA 3 1.6 77 KW 90TH ANNIVERSARY 159 000 KM - BENZÍN,"MAZDA 3 1.6 77 KW 90TH ANNIVERSARY 159 000 KM - BENZÍNProdám hezkou Mazdu 3 2. generace ( BL ) ve vyšší výbavě 90th Anniversary s výborným benzínovým (atmosférickým) motorem 1.6 o výkonu 77 kW / 105 koní s pětistupňovou manuální převodovkou.V provozu od: 10.2010Stav tachometru: 159 000 kmPalivo: BenzínObjem motoru: 1 600 ccmBarva: černá metalízaVýkon motoru: 77 kW (105 PS)Karoserie: HatchbackDveří / sedadel: 5 / 5Výbava vozidla:AirBag 6x, Antiblokovací systém kol (ABS), Automatické rozsvěcení sv...",2010,159000,benzín,77,,159000,benzín,77,year
141,https://auto.bazos.cz/inzerat/216200405/mazda-3-20-111-kw-high-line-benzin.php,MAZDA 3 2.0 111 KW HIGH-LINE - BENZÍN,"MAZDA 3 2.0 111 KW HIGH-LINE - BENZÍNProdám hezkou Mazdu 3 2. generace ( BL ) v nejvyšší výbavě High-Line s výborným benzínovým (atmosférickým) motorem 2.0 o výkonu 111 kW / 151 koní se šestistupňovou manuální převodovkou.VYHŘÍVANÁ SEDADLAVYHŘÍVANÉ ČELNÍ OKNOV provozu od: 08.2009Stav tachometru: 187 000 kmPalivo: BenzínObjem motoru: 1 999 ccmBarva: šedá metalízaVýkon motoru: 111 kW (151 PS)Karoserie: HatchbackDveří / sedadel: 5 / 5Výbava vozidla:AirBag 6x, Antiblokovací brzdový systém (ABS), Aut...",2009,,benzín,111,,187000,benzín,111,year
142,https://auto.bazos.cz/inzerat/216200366/mazda-3-20-111-kw-exclusive-line-153000-km-benzin.php,MAZDA 3 2.0 111 KW EXCLUSIVE-LINE 153000 KM - BENZÍN,MAZDA 3 2.0 111 KW EXCLUSIVE-LINE 153000 KM - BENZÍNProdám Mazdu 3 2. generace ( BL ) ve vyšší výbavě Exclusive-Line s výborným benzínovým (atmosférickým) motorem 2.0 o výkonu 111 kW / 151 koní se šestistupňovou manuální převodovkou.NELAKOVÁNOSERVISNÍ KNÍŽKA (poslední záznam 142 000 km)VYHŘÍVANÁ SEDADLAVYHŘÍVANÉ ČELNÍ OKNOV provozu od: 10.2010Stav tachometru: 153 000 kmPalivo: BenzínObjem motoru: 1 999 ccmBarva: šedá metalízaVýkon motoru: 111 kW (151 PS)Karoserie: HatchbackDveří / sedadel: 5 / 5...,2010,153000,benzín,111,,153000,benzín,111,year
145,https://auto.bazos.cz/inzerat/216200278/mazda-3-16-77-kw-bose-edition-benzin.php,MAZDA 3 1.6 77 KW BOSE EDITION - BENZÍN,"MAZDA 3 1.6 77 KW BOSE EDITION - BENZÍNProdám hezkou Mazdu 3 1. generace ( BK ) ve vyšší výbavě BOSE Edition s výborným benzínovým (atmosférickým) motorem 1.6 o výkonu 77 kW / 105 koní s pětistupňovou manuální převodovkou.VYHŘÍVANÁ SEDADLAV provozu od: 08.2008Stav tachometru: 154 000 kmPalivo: BenzínObjem motoru: 1 598 ccmBarva: stříbrná metalízaVýkon motoru: 77 kW (105 PS)Karoserie: HatchbackDveří / sedadel: 5 / 5Výbava vozidla:AirBag 6x, Antiblokovací brzdový systém (ABS), Automatické zapínání...",2008,,benzín,77,,154000,benzín,77,year
146,https://auto.bazos.cz/inzerat/216200252/mazda-3-16-77-kw-active-123000-km-benzin.php,MAZDA 3 1.6 77 KW ACTIVE 123000 KM - BENZÍN,"MAZDA 3 1.6 77 KW ACTIVE 123000 KM - BENZÍNProdám Mazdu 3 1. generace ( BK ) ve výbavě Active s výborným benzínovým (atmosférickým) motorem 1.6 o výkonu 77 kW / 105 koní s pětistupňovou manuální převodovkou.V provozu od: 01.2007Stav tachometru: 123 000 kmPalivo: BenzínObjem motoru: 1 598 ccmBarva: šedá metalízaVýkon motoru: 77 kW (105 PS)Karoserie: HatchbackDveří / sedadel: 5 / 5Výbava vozidla:AirBag 8x, Antiblokovací systém kol (ABS), Automatické rozsvěcení světel, Centrální zámek dálkově, Dešť...",2007,123000,benzín,77,,123000,benzín,77,year
147,https://auto.bazos.cz/inzerat/216200228/mazda-3-16-77-kw-sport-active-benzin.php,MAZDA 3 1.6 77 KW SPORT ACTIVE - BENZÍN,"MAZDA 3 1.6 77 KW SPORT ACTIVE - BENZÍNProdám hezkou Mazdu 3 1. generace ( BK ) ve vyšší výbavě Sport Active s výborným benzínovým (atmosférickým) motorem 1.6 o výkonu 77 kW / 105 koní s pětistupňovou manuální převodovkou.V provozu od: 08.2007Stav tachometru: 171 000 kmPalivo: BenzínObjem motoru: 1 598 ccmBarva: šedá metalízaVýkon motoru: 77 kW (105 PS)Karoserie: HatchbackDveří / sedadel: 5 / 5Výbava vozidla:AirBag 6x, Antiblokovací brzdový systém (ABS), Automatické stěrače, Automatické zapínání...",2007,,benzín,77,,171000,benzín,77,year
148,https://auto.bazos.cz/inzerat/216200210/mazda-3-20-110-kw-sport-top-184000-km-benzin.php,MAZDA 3 2.0 110 KW SPORT TOP 184000 KM - BENZÍN,"MAZDA 3 2.0 110 KW SPORT TOP 184000 KM - BENZÍNProdám Mazdu 3 1. generace ( BK ) ve vyšší výbavě Sport Top s výborným benzínovým (atmosférickým) motorem 2.0 o výkonu 110 kW / 150 koní se šestistupňovou manuální převodovkou.V provozu od: 11.2006Stav tachometru: 184 000 kmPalivo: BenzínObjem motoru: 1 999 ccmBarva: modrá sv. metalízaVýkon motoru: 110 kW (150 PS)Karoserie: HatchbackDveří / sedadel: 5 / 5Výbava vozidla:AirBag 6x, Antiblokovací brzdový systém (ABS), Automatické stěrače, Automatické z...",2006,184000,benzín,110,,184000,benzín,110,year
151,https://auto.bazos.cz/inzerat/216199602/kupim-mazda-3-2017.php,Kúpim - Mazda 3 2017+,"👋🏻 Ahoj, bývam v Prahe a zháňam pre seba vyššie spomenuté auto.🚗 Podmienky:Benzin2.0 88kwManual/automatSport-line - BOSE, vyhrievany volant a predne sedacky, Apple CarPlay, parkovacie senzory a cuvacia kameraNajazd mi je ukradnuty pokial bude pravidelne servisovane.DikyMatúš 🤘🏻",2017,,,,2017,,,88,NO
152,https://auto.bazos.cz/inzerat/216199316/mazda-3-16i-77kw1reg2012klima.php,"Mazda 3 1.6i 77kw,1.reg.2012,klima",Prodám Mazda 3 1.6i 77kwdat.1.reg.17.4.2012VIN:JMZBLB4Z211521680najeto:128068km-serv.knihaVýbava:6xairbagklima(manuální)ABSASRESP2xel.oknael.zrcátkaorig.rádio+CDstav.sedačka řidiče+volantposilovač řízenícentrál na D.O.isofixloketní opěrka2xklíčkyvozidlo dovezené z Rakouskanová CZ STK+EMISE 11/2027pouze 800Kč registrace na odborudopravyvozidlo v pěkném stavuHumpolec,,128068,,77,,128068,,77,NO
153,https://auto.bazos.cz/inzerat/216198486/mazda-cx-7-23-disi-najezd-73tiskm-4x4.php,"Mazda CX-7 2.3 Disi, nájezd 73tis.km, 4x4","prodám Mazdu CX-7 r.v. 2007 s nízkým nájezdem a jasným původem, jsem 2. majitel. Motor benzin 2.3 Disi, 191kw , 4x4, 6st. manuální převodovka, multifunkční a nastavitelný volant, tempomat, 6x airbag , STK do 12/27, 2x klíče, tažné zařízení ,příčníky na střechu, interiér jako nový, zimní pneu 70%, letní sada alu disků, klimatizace, elektrická zrcátka a okna.Na autě vyměněné všechny ložiska kol, náplně diferenciálů a rozdělovací převodovky měněny v 65 tis.km, motorový olej s filtrem měněný každý r...",2007,,benzín,191,2007,,benzín,191,NO
154,https://auto.bazos.cz/inzerat/216198000/prodam-mazda-6-20d-103kw-dohoda.php,"Prodám Mazda 6 2.0D 103kW, DOHODA","Prodám Mazda 6, nafta, 103 kW. hatchback. Vyhřívaná přední sedadla, centrální zamykání na DO (2x klíč), duální automatická klimatizace, dešťový senzor, parkovací senzory přední i zadní, kožená sedadla v kombinaci s látkou, xenony, originál tónovaná zadní okna, elektricky sklopná zrcátka, prémiový audio systém Bose, tempomat, handsfree, Audio-in, automatické zatmavení zpětného zrcátka, odnímatelné tažné zařízení, pěkný interiér. Snížený podvozek. Auto používám více než pět a vždycky mě všude dove...",,,,103,,,,103,NO
155,https://auto.bazos.cz/inzerat/215235636/mazda-cx5-22-diesel.php,"Mazda CX5, 2,2 diesel","Prodám Mazda CX5, 2,2 diesel,129kw/175 koní,  4x4, r.v. 2015, červená metaliza, 1. majitel- soukromý prodejce, zakoupeno v ČR, plná max. výbava, kožený interiér, manuální převodovka, servisováno v autorizovaném servisu - doložitelné servisní knížkou, najeto 170 tis. km, stk do 7/27",2015,,diesel,129,2015,,diesel,129,NO
156,https://auto.bazos.cz/inzerat/216194383/mazda-cx-5-takumi-20-benzin-awd-automat-122016.php,"Mazda CX-5, Takumi, 2.0 benzin AWD, Automat, 12/2016","Predavam nasu Mazdu CX-5, 2.0 116kW/160 spolahlivy atmosfericky benzin, rocnik 12/2016, najazdene 137 tis.km, vybava Takumi, automaticka prevodovka, AWD. Posledny servis:2025 - zadne brzdy (kotuce + dosticky + elektronicka brzda), baterka.2026 - olej + filtre vsetky (aj palivovy)Vybava:Full LED svetlomety, natacacieLED hmlovkyDenne svietenie s LEDVyhrievane predne sedadlaPredny a zadny parkovaci asistentSystem sledovania mrtveho uhlaDAB digitealne radio19"" elektrony (leto) 18"" elektrony (zima)Au...",,,,116,,,,116,NO
159,https://auto.bazos.cz/inzerat/216192260/opel-antara-24-103-kw-4x4-benzin-lpg.php,OPEL ANTARA 2.4 103 KW 4x4 - BENZÍN / LPG,"OPEL ANTARA 2.4 103 KW 4x4 - BENZÍN / LPGLPG bomba platná do roku 2031 !!Bez korozeV provozu od: 05.2009Stav tachometru: 174 000 kmPalivo: Benzín + LPG (plyn)Objem motoru: 2 405 ccmSTK: 08.2027Barva: šedá tm. metalízaVýkon motoru: 103 kW (140 PS)Karoserie: SUVDveří / sedadel: 5 / 5Výbava vozidla:AirBag 6x, Centrál. dálkově, Dělené zadní sedačky, Dětská auto sedačka Isofix, Elektricky ovládaná okna, Elektrické ovládání zrcátek nastavitelná, Elektronický stabilizační program podvozku (ESP), Imobil...",2009,,,103,,174000,,103,year
